Country_Code,Country,Reference_Date,NO_CASES,Region,cases_normalized_percentage,flag
ABW,Aruba,1995,20,LATIN AMER. & CARIB,0.027819894006203837,ðŸ‡¦ðŸ‡¼
ABW,Aruba,1996,37,LATIN AMER. & CARIB,0.0514668039114771,ðŸ‡¦ðŸ‡¼
AIA,Anguilla,1989,2,LATIN AMER. & CARIB,0.014840097944646434,ðŸ‡¦ðŸ‡®
AIA,Anguilla,1995,5,LATIN AMER. & CARIB,0.03710024486161609,ðŸ‡¦ðŸ‡®
AIA,Anguilla,1995,5,LATIN AMER. & CARIB,0.03710024486161609,ðŸ‡¦ðŸ‡®
AIA,Anguilla,1987,2,LATIN AMER. & CARIB,0.014840097944646434,ðŸ‡¦ðŸ‡®
ALB,Albania,2011,199,EASTERN EUROPE,0.005556090689918487,ðŸ‡¦ðŸ‡±
ARG,Argentina,1987,78,LATIN AMER. & CARIB,0.00019538181024904343,ðŸ‡¦ðŸ‡·
ARG,Argentina,1999,15673,LATIN AMER. & CARIB,0.03925921938504176,ðŸ‡¦ðŸ‡·
ARG,Argentina,1987,112,LATIN AMER. & CARIB,0.00028054824035760083,ðŸ‡¦ðŸ‡·
ARG,Argentina,1995,7417,LATIN AMER. & CARIB,0.018578806238681474,ðŸ‡¦ðŸ‡·
ARG,Argentina,1988,315,LATIN AMER. & CARIB,0.0007890419260057523,ðŸ‡¦ðŸ‡·
ARG,Argentina,1989,356,LATIN AMER. & CARIB,0.0008917426211366597,ðŸ‡¦ðŸ‡·
AUS,Australia,2003,9260,OCEANIA,0.04569661729556759,ðŸ‡¦ðŸ‡º
AUS,Australia,1995,5883,OCEANIA,0.02903166301833954,ðŸ‡¦ðŸ‡º
AZE,Azerbaijan,2011,700,C.W. OF IND. STATES,0.008792181590201691,ðŸ‡¦ðŸ‡¿
BDI,Burundi,1993,7131,SUB-SAHARAN AFRICA,0.08814511818689287,ðŸ‡§ðŸ‡®
BGD,Bangladesh,2006(?),365,ASIA (EX. NEAR EAST),0.00024768372961915774,ðŸ‡§ðŸ‡©
BLR,Belarus,2007,603,C.W. OF IND. STATES,0.005858344074440414,ðŸ‡§ðŸ‡¾
BLZ,Belize,1989,8,LATIN AMER. & CARIB,0.0027803843881416606,ðŸ‡§ðŸ‡¿
BLZ,Belize,1988,11,LATIN AMER. & CARIB,0.0038230285336947833,ðŸ‡§ðŸ‡¿
BLZ,Belize,1995,138,LATIN AMER. & CARIB,0.047961630695443645,ðŸ‡§ðŸ‡¿
BLZ,Belize,1997,184,LATIN AMER. & CARIB,0.0639488409272582,ðŸ‡§ðŸ‡¿
BLZ,Belize,1987,2,LATIN AMER. & CARIB,0.0006950960970354152,ðŸ‡§ðŸ‡¿
BOL,Bolivia,1995,109,LATIN AMER. & CARIB,0.0012125869641784013,ðŸ‡§ðŸ‡´
BOL,Bolivia,1998,141,LATIN AMER. & CARIB,0.0015685757976986656,ðŸ‡§ðŸ‡´
BOL,Bolivia,1988,16,LATIN AMER. & CARIB,0.00017799441676013227,ðŸ‡§ðŸ‡´
BOL,Bolivia,1986,1,LATIN AMER. & CARIB,1.1124651047508267e-05,ðŸ‡§ðŸ‡´
BOL,Bolivia,1987,2,LATIN AMER. & CARIB,2.2249302095016533e-05,ðŸ‡§ðŸ‡´
BRA,Brazil,1988,4946,LATIN AMER. & CARIB,0.0026297568192196964,ðŸ‡§ðŸ‡·
BRA,Brazil,1987,1542,LATIN AMER. & CARIB,0.0008198716165056149,ðŸ‡§ðŸ‡·
BRA,Brazil,1987,2013,LATIN AMER. & CARIB,0.0010702993281619993,ðŸ‡§ðŸ‡·
BRA,Brazil,1999,170078,LATIN AMER. & CARIB,0.09042939350975486,ðŸ‡§ðŸ‡·
BRB,Barbados,1999,1043,LATIN AMER. & CARIB,0.3726171082340164,ðŸ‡§ðŸ‡§
BRB,Barbados,1995,632,LATIN AMER. & CARIB,0.22578524679184886,ðŸ‡§ðŸ‡§
BRB,Barbados,1988,70,LATIN AMER. & CARIB,0.025007859613021235,ðŸ‡§ðŸ‡§
BRB,Barbados,1987,44,LATIN AMER. & CARIB,0.01571922604247049,ðŸ‡§ðŸ‡§
BRB,Barbados,1987,39,LATIN AMER. & CARIB,0.013932950355826116,ðŸ‡§ðŸ‡§
BRB,Barbados,1989,111,LATIN AMER. & CARIB,0.0396553202435051,ðŸ‡§ðŸ‡§
BRN,Brunei,1995,6,ASIA (EX. NEAR EAST),0.0015812610029411456,ðŸ‡§ðŸ‡³
BWA,Botswana,1987,13,SUB-SAHARAN AFRICA,0.0007927636533720202,ðŸ‡§ðŸ‡¼
CHL,Chile,1995,1363,LATIN AMER. & CARIB,0.008447883346569176,ðŸ‡¨ðŸ‡±
CHL,Chile,1987,28,LATIN AMER. & CARIB,0.00017354419200582316,ðŸ‡¨ðŸ‡±
CHL,Chile,1988,123,LATIN AMER. & CARIB,0.0007623548434541517,ðŸ‡¨ðŸ‡±
CHL,Chile,1999,3127,LATIN AMER. & CARIB,0.019381167442936033,ðŸ‡¨ðŸ‡±
CHL,Chile,1987,57,LATIN AMER. & CARIB,0.0003532863908689971,ðŸ‡¨ðŸ‡±
CHL,Chile,1987,42,LATIN AMER. & CARIB,0.0002603162880087347,ðŸ‡¨ðŸ‡±
CHN,China,2012,184276,ASIA (EX. NEAR EAST),0.014024329267536877,ðŸ‡¨ðŸ‡³
CHN,China,2016,54360,ASIA (EX. NEAR EAST),0.00413706906479034,ðŸ‡¨ðŸ‡³
CHN,China,2015,50330,ASIA (EX. NEAR EAST),0.0038303658210246095,ðŸ‡¨ðŸ‡³
CHN,China,2014,45145,ASIA (EX. NEAR EAST),0.0034357612753855757,ðŸ‡¨ðŸ‡³
CHN,China,2012,202163,ASIA (EX. NEAR EAST),0.015385619818712462,ðŸ‡¨ðŸ‡³
CHN,China,2012,41604,ASIA (EX. NEAR EAST),0.003166273387997375,ðŸ‡¨ðŸ‡³
CHN,China,2013,63498,ASIA (EX. NEAR EAST),0.00483251676740355,ðŸ‡¨ðŸ‡³
CHN,China,2012,187079,ASIA (EX. NEAR EAST),0.014237651647754082,ðŸ‡¨ðŸ‡³
CHN,China,2012,200161,ASIA (EX. NEAR EAST),0.015233257562132067,ðŸ‡¨ðŸ‡³
CHN,China,2012,190712,ASIA (EX. NEAR EAST),0.01451414119728284,ðŸ‡¨ðŸ‡³
CHN,China,2010,138288,ASIA (EX. NEAR EAST),0.010524411457537278,ðŸ‡¨ðŸ‡³
CHN,China,2010,5661,ASIA (EX. NEAR EAST),0.0004308305367140933,ðŸ‡¨ðŸ‡³
CHN,China,2010,7147,ASIA (EX. NEAR EAST),0.0005439226012887519,ðŸ‡¨ðŸ‡³
CHN,China,2010,4023,ASIA (EX. NEAR EAST),0.00030617050860286125,ðŸ‡¨ðŸ‡³
CHN,China,2010,1925,ASIA (EX. NEAR EAST),0.00014650216978884112,ðŸ‡¨ðŸ‡³
CHN,China,2010,4599,ASIA (EX. NEAR EAST),0.00035000700200461316,ðŸ‡¨ðŸ‡³
CHN,China,2012,197096,ASIA (EX. NEAR EAST),0.014999995665818925,ðŸ‡¨ðŸ‡³
CHN,China,2012,193986,ASIA (EX. NEAR EAST),0.01476330904345877,ðŸ‡¨ðŸ‡³
CHN,China,1998,42,ASIA (EX. NEAR EAST),3.1964109772110793e-06,ðŸ‡¨ðŸ‡³
CHN,China,2016,37179,ASIA (EX. NEAR EAST),0.002829508660041207,ðŸ‡¨ðŸ‡³
CHN,China,2012,181491,ASIA (EX. NEAR EAST),0.013812376777738476,ðŸ‡¨ðŸ‡³
CHN,China,2012,178002,ASIA (EX. NEAR EAST),0.013546846351560156,ðŸ‡¨ðŸ‡³
CHN,China,2009,1572,ASIA (EX. NEAR EAST),0.00011963709657561466,ðŸ‡¨ðŸ‡³
CHN,China,2001,2,ASIA (EX. NEAR EAST),1.522100465338609e-07,ðŸ‡¨ðŸ‡³
CHN,China,2012,205420,ASIA (EX. NEAR EAST),0.015633493879492855,ðŸ‡¨ðŸ‡³
CHN,China,2011,461,ASIA (EX. NEAR EAST),3.508441572605494e-05,ðŸ‡¨ðŸ‡³
CHN,China,2011,17,ASIA (EX. NEAR EAST),1.2937853955378177e-06,ðŸ‡¨ðŸ‡³
CHN,China,2011,48,ASIA (EX. NEAR EAST),3.6530411168126617e-06,ðŸ‡¨ðŸ‡³
CHN,China,2011,230,ASIA (EX. NEAR EAST),1.7504155351394005e-05,ðŸ‡¨ðŸ‡³
CHN,China,2011,5,ASIA (EX. NEAR EAST),3.805251163346523e-07,ðŸ‡¨ðŸ‡³
CHN,China,2003,7,ASIA (EX. NEAR EAST),5.327351628685132e-07,ðŸ‡¨ðŸ‡³
CHN,China,2011,72,ASIA (EX. NEAR EAST),5.479561675218993e-06,ðŸ‡¨ðŸ‡³
CHN,China,2011,44,ASIA (EX. NEAR EAST),3.34862102374494e-06,ðŸ‡¨ðŸ‡³
CHN,China,2011,41,ASIA (EX. NEAR EAST),3.120305953944149e-06,ðŸ‡¨ðŸ‡³
CHN,China,2000,0,ASIA (EX. NEAR EAST),0.0,ðŸ‡¨ðŸ‡³
CHN,China,2002,7,ASIA (EX. NEAR EAST),5.327351628685132e-07,ðŸ‡¨ðŸ‡³
CHN,China,2011,918,ASIA (EX. NEAR EAST),6.986441135904216e-05,ðŸ‡¨ðŸ‡³
CHN,China,2011,0,ASIA (EX. NEAR EAST),0.0,ðŸ‡¨ðŸ‡³
CHN,China,1995,77,ASIA (EX. NEAR EAST),5.8600867915536445e-06,ðŸ‡¨ðŸ‡³
CHN,China,2004,23,ASIA (EX. NEAR EAST),1.7504155351394006e-06,ðŸ‡¨ðŸ‡³
COK,Cook Islands,2004,0,OCEANIA,0.0,ðŸ‡¨ðŸ‡°
COL,Colombia,1988,308,LATIN AMER. & CARIB,0.0007065348856761178,ðŸ‡¨ðŸ‡´
COL,Colombia,1999,6006,LATIN AMER. & CARIB,0.013777430270684298,ðŸ‡¨ðŸ‡´
COL,Colombia,1995,6541,LATIN AMER. & CARIB,0.015004690542881447,ðŸ‡¨ðŸ‡´
COL,Colombia,1987,57,LATIN AMER. & CARIB,0.00013075483273876205,ðŸ‡¨ðŸ‡´
COL,Colombia,1987,153,LATIN AMER. & CARIB,0.0003509734984040455,ðŸ‡¨ðŸ‡´
CRI,Costa Rica,1995,898,LATIN AMER. & CARIB,0.022035398468956958,ðŸ‡¨ðŸ‡·
CRI,Costa Rica,1987,31,LATIN AMER. & CARIB,0.0007606874749862646,ðŸ‡¨ðŸ‡·
CRI,Costa Rica,1988,93,LATIN AMER. & CARIB,0.002282062424958794,ðŸ‡¨ðŸ‡·
CRI,Costa Rica,1987,27,LATIN AMER. & CARIB,0.0006625342524073919,ðŸ‡¨ðŸ‡·
CRI,Costa Rica,1999,1277,LATIN AMER. & CARIB,0.031335416308305164,ðŸ‡¨ðŸ‡·
CUB,Cuba,1995,440,LATIN AMER. & CARIB,0.003865474460634535,ðŸ‡¨ðŸ‡º
CUB,Cuba,1987,4,LATIN AMER. & CARIB,3.514067691485941e-05,ðŸ‡¨ðŸ‡º
CUB,Cuba,1988,43,LATIN AMER. & CARIB,0.00037776227683473864,ðŸ‡¨ðŸ‡º
CUB,Cuba,1986,3,LATIN AMER. & CARIB,2.6355507686144556e-05,ðŸ‡¨ðŸ‡º
CUB,Cuba,1999,889,LATIN AMER. & CARIB,0.007810015444327504,ðŸ‡¨ðŸ‡º
CYM,Cayman Islands,1989,5,LATIN AMER. & CARIB,0.011004489831851396,ðŸ‡°ðŸ‡¾
CYM,Cayman Islands,1999,26,LATIN AMER. & CARIB,0.05722334712562725,ðŸ‡°ðŸ‡¾
CYM,Cayman Islands,1995,18,LATIN AMER. & CARIB,0.039616163394665026,ðŸ‡°ðŸ‡¾
CYM,Cayman Islands,1986,2,LATIN AMER. & CARIB,0.004401795932740558,ðŸ‡°ðŸ‡¾
CYM,Cayman Islands,1987,2,LATIN AMER. & CARIB,0.004401795932740558,ðŸ‡°ðŸ‡¾
CYM,Cayman Islands,1988,4,LATIN AMER. & CARIB,0.008803591865481117,ðŸ‡°ðŸ‡¾
CZE,Czech Republic,2009,292,EASTERN EUROPE,0.00285282872134165,ðŸ‡¨ðŸ‡¿
DMA,Dominica,1989,10,LATIN AMER. & CARIB,0.014511681903932667,ðŸ‡©ðŸ‡²
DMA,Dominica,1988,6,LATIN AMER. & CARIB,0.0087070091423596,ðŸ‡©ðŸ‡²
DMA,Dominica,1998,97,LATIN AMER. & CARIB,0.14076331446814686,ðŸ‡©ðŸ‡²
DMA,Dominica,1995,31,LATIN AMER. & CARIB,0.04498621390219126,ðŸ‡©ðŸ‡²
DMA,Dominica,1987,5,LATIN AMER. & CARIB,0.007255840951966333,ðŸ‡©ðŸ‡²
DMA,Dominica,1987,3,LATIN AMER. & CARIB,0.0043535045711798,ðŸ‡©ðŸ‡²
DOM,Dominican Republic,1988,701,LATIN AMER. & CARIB,0.0076328530189076985,ðŸ‡©ðŸ‡´
DOM,Dominican Republic,1986,200,LATIN AMER. & CARIB,0.0021777041423417113,ðŸ‡©ðŸ‡´
DOM,Dominican Republic,2000,4965,LATIN AMER. & CARIB,0.054061505333632985,ðŸ‡©ðŸ‡´
DOM,Dominican Republic,1987,200,LATIN AMER. & CARIB,0.0021777041423417113,ðŸ‡©ðŸ‡´
DOM,Dominican Republic,1995,3090,LATIN AMER. & CARIB,0.03364552899917944,ðŸ‡©ðŸ‡´
ECU,Ecuador,1997,553,LATIN AMER. & CARIB,0.004081930923099521,ðŸ‡ªðŸ‡¨
ECU,Ecuador,1995,543,LATIN AMER. & CARIB,0.004008116620692659,ðŸ‡ªðŸ‡¨
ECU,Ecuador,1987,52,LATIN AMER. & CARIB,0.0003838343725156874,ðŸ‡ªðŸ‡¨
ECU,Ecuador,1988,45,LATIN AMER. & CARIB,0.0003321643608308833,ðŸ‡ªðŸ‡¨
ECU,Ecuador,1987,18,LATIN AMER. & CARIB,0.00013286574433235334,ðŸ‡ªðŸ‡¨
FJI,Fiji,2004,30,OCEANIA,0.003311444683972276,ðŸ‡«ðŸ‡¯
FJI,Fiji,1995,7,OCEANIA,0.0007726704262601979,ðŸ‡«ðŸ‡¯
GEO,Georgia,2006,518,C.W. OF IND. STATES,0.01111236727103214,ðŸ‡¬ðŸ‡ª
GRD,Grenada,1997,102,LATIN AMER. & CARIB,0.11370857161967828,ðŸ‡¬ðŸ‡©
GRD,Grenada,1995,76,LATIN AMER. & CARIB,0.08472403375583872,ðŸ‡¬ðŸ‡©
GRD,Grenada,1988,16,LATIN AMER. & CARIB,0.017836638685439728,ðŸ‡¬ðŸ‡©
GRD,Grenada,1987,4,LATIN AMER. & CARIB,0.004459159671359932,ðŸ‡¬ðŸ‡©
GRD,Grenada,1987,6,LATIN AMER. & CARIB,0.006688739507039899,ðŸ‡¬ðŸ‡©
GRD,Grenada,1989,19,LATIN AMER. & CARIB,0.02118100843895968,ðŸ‡¬ðŸ‡©
GTM,Guatemala,2000,3338,LATIN AMER. & CARIB,0.027152460905296234,ðŸ‡¬ðŸ‡¹
GTM,Guatemala,1988,47,LATIN AMER. & CARIB,0.000382314458522745,ðŸ‡¬ðŸ‡¹
GTM,Guatemala,1987,27,LATIN AMER. & CARIB,0.00021962745489604503,ðŸ‡¬ðŸ‡¹
GTM,Guatemala,1987,22,LATIN AMER. & CARIB,0.00017895570398937004,ðŸ‡¬ðŸ‡¹
GTM,Guatemala,1995,711,LATIN AMER. & CARIB,0.005783522978929186,ðŸ‡¬ðŸ‡¹
GUY,Guyana,1995,698,LATIN AMER. & CARIB,0.0909748515793521,ðŸ‡¬ðŸ‡¾
GUY,Guyana,1988,40,LATIN AMER. & CARIB,0.005213458543229346,ðŸ‡¬ðŸ‡¾
GUY,Guyana,1987,4,LATIN AMER. & CARIB,0.0005213458543229347,ðŸ‡¬ðŸ‡¾
GUY,Guyana,1987,2,LATIN AMER. & CARIB,0.0002606729271614673,ðŸ‡¬ðŸ‡¾
GUY,Guyana,2000,1214,LATIN AMER. & CARIB,0.15822846678701066,ðŸ‡¬ðŸ‡¾
GUY,Guyana,1989,82,LATIN AMER. & CARIB,0.01068759001362016,ðŸ‡¬ðŸ‡¾
HKG,Hong Kong,1995,148,ASIA (EX. NEAR EAST),0.0021324321022092,ðŸ‡­ðŸ‡°
HND,Honduras,1995,4973,LATIN AMER. & CARIB,0.06787692233777239,ðŸ‡­ðŸ‡³
HND,Honduras,1988,211,LATIN AMER. & CARIB,0.0028799578952885528,ðŸ‡­ðŸ‡³
HND,Honduras,1987,29,LATIN AMER. & CARIB,0.0003958235969827869,ðŸ‡­ðŸ‡³
HND,Honduras,1987,20,LATIN AMER. & CARIB,0.0002729817910226116,ðŸ‡­ðŸ‡³
HND,Honduras,1999,10866,LATIN AMER. & CARIB,0.1483110070625849,ðŸ‡­ðŸ‡³
HTI,Haiti,1995,4967,LATIN AMER. & CARIB,0.05978212202822553,ðŸ‡­ðŸ‡¹
HTI,Haiti,1988,1849,LATIN AMER. & CARIB,0.022254307153249248,ðŸ‡­ðŸ‡¹
HTI,Haiti,1987,912,LATIN AMER. & CARIB,0.010976705313014232,ðŸ‡­ðŸ‡¹
HTI,Haiti,1999,8902,LATIN AMER. & CARIB,0.10714323541277707,ðŸ‡­ðŸ‡¹
HTI,Haiti,1986,810,LATIN AMER. & CARIB,0.009749047481953429,ðŸ‡­ðŸ‡¹
IDN,Indonesia,1997,153,ASIA (EX. NEAR EAST),6.23337920869565e-05,ðŸ‡®ðŸ‡©
IDN,Indonesia,1997,0,ASIA (EX. NEAR EAST),0.0,ðŸ‡®ðŸ‡©
IDN,Indonesia,1997,37,ASIA (EX. NEAR EAST),1.507418501449275e-05,ðŸ‡®ðŸ‡©
IDN,Indonesia,1997,2,ASIA (EX. NEAR EAST),8.148208115942026e-07,ðŸ‡®ðŸ‡©
IDN,Indonesia,1997,13,ASIA (EX. NEAR EAST),5.296335275362317e-06,ðŸ‡®ðŸ‡©
IDN,Indonesia,1997,0,ASIA (EX. NEAR EAST),0.0,ðŸ‡®ðŸ‡©
IDN,Indonesia,1997,2,ASIA (EX. NEAR EAST),8.148208115942026e-07,ðŸ‡®ðŸ‡©
IDN,Indonesia,1997,0,ASIA (EX. NEAR EAST),0.0,ðŸ‡®ðŸ‡©
IDN,Indonesia,1997,8,ASIA (EX. NEAR EAST),3.2592832463768105e-06,ðŸ‡®ðŸ‡©
IDN,Indonesia,1997,2,ASIA (EX. NEAR EAST),8.148208115942026e-07,ðŸ‡®ðŸ‡©
IDN,Indonesia,1997,11,ASIA (EX. NEAR EAST),4.481514463768115e-06,ðŸ‡®ðŸ‡©
IDN,Indonesia,1997,1,ASIA (EX. NEAR EAST),4.074104057971013e-07,ðŸ‡®ðŸ‡©
IDN,Indonesia,1997,0,ASIA (EX. NEAR EAST),0.0,ðŸ‡®ðŸ‡©
IDN,Indonesia,1997,2,ASIA (EX. NEAR EAST),8.148208115942026e-07,ðŸ‡®ðŸ‡©
IDN,Indonesia,1997,0,ASIA (EX. NEAR EAST),0.0,ðŸ‡®ðŸ‡©
IDN,Indonesia,1997,70,ASIA (EX. NEAR EAST),2.8518728405797095e-05,ðŸ‡®ðŸ‡©
IDN,Indonesia,1997,152,ASIA (EX. NEAR EAST),6.19263816811594e-05,ðŸ‡®ðŸ‡©
IDN,Indonesia,1997,0,ASIA (EX. NEAR EAST),0.0,ðŸ‡®ðŸ‡©
IDN,Indonesia,1997,2,ASIA (EX. NEAR EAST),8.148208115942026e-07,ðŸ‡®ðŸ‡©
IDN,Indonesia,1997,0,ASIA (EX. NEAR EAST),0.0,ðŸ‡®ðŸ‡©
IDN,Indonesia,1997,0,ASIA (EX. NEAR EAST),0.0,ðŸ‡®ðŸ‡©
IDN,Indonesia,1997,0,ASIA (EX. NEAR EAST),0.0,ðŸ‡®ðŸ‡©
IDN,Indonesia,1997,2,ASIA (EX. NEAR EAST),8.148208115942026e-07,ðŸ‡®ðŸ‡©
JAM,Jamaica,1987,47,LATIN AMER. & CARIB,0.0017040568154296182,ðŸ‡¯ðŸ‡²
JAM,Jamaica,1990,218,LATIN AMER. & CARIB,0.007903923101354399,ðŸ‡¯ðŸ‡²
JAM,Jamaica,2001,6038,LATIN AMER. & CARIB,0.21891691599072416,ðŸ‡¯ðŸ‡²
JAM,Jamaica,1991,361,LATIN AMER. & CARIB,0.013088606603618982,ðŸ‡¯ðŸ‡²
JAM,Jamaica,1992,496,LATIN AMER. & CARIB,0.01798323788198065,ðŸ‡¯ðŸ‡²
JAM,Jamaica,2004,9209,LATIN AMER. & CARIB,0.33388636624024154,ðŸ‡¯ðŸ‡²
JAM,Jamaica,2005,10553,LATIN AMER. & CARIB,0.38261513985593104,ðŸ‡¯ðŸ‡²
JAM,Jamaica,2007,12520,LATIN AMER. & CARIB,0.45393173040805995,ðŸ‡¯ðŸ‡²
JAM,Jamaica,2009,14354,LATIN AMER. & CARIB,0.5204262027378029,ðŸ‡¯ðŸ‡²
JAM,Jamaica,2002,7027,LATIN AMER. & CARIB,0.2547746221707219,ðŸ‡¯ðŸ‡²
JAM,Jamaica,1995,1533,LATIN AMER. & CARIB,0.05558125740539584,ðŸ‡¯ðŸ‡²
JAM,Jamaica,1988,79,LATIN AMER. & CARIB,0.0028642657110412727,ðŸ‡¯ðŸ‡²
JAM,Jamaica,1996,2052,LATIN AMER. & CARIB,0.07439839543109737,ðŸ‡¯ðŸ‡²
JAM,Jamaica,1987,30,LATIN AMER. & CARIB,0.0010876958396359266,ðŸ‡¯ðŸ‡²
JAM,Jamaica,1987,21,LATIN AMER. & CARIB,0.0007613870877451485,ðŸ‡¯ðŸ‡²
JAM,Jamaica,1999,3976,LATIN AMER. & CARIB,0.14415595527974812,ðŸ‡¯ðŸ‡²
JAM,Jamaica,1998,3304,LATIN AMER. & CARIB,0.11979156847190335,ðŸ‡¯ðŸ‡²
JAM,Jamaica,2000,5099,LATIN AMER. & CARIB,0.18487203621011963,ðŸ‡¯ðŸ‡²
JAM,Jamaica,1986,13,LATIN AMER. & CARIB,0.00047133486384223484,ðŸ‡¯ðŸ‡²
JAM,Jamaica,1994,1050,LATIN AMER. & CARIB,0.03806935438725742,ðŸ‡¯ðŸ‡²
JAM,Jamaica,1985,5,LATIN AMER. & CARIB,0.00018128263993932107,ðŸ‡¯ðŸ‡²
JAM,Jamaica,2003,8097,LATIN AMER. & CARIB,0.29356910711773654,ðŸ‡¯ðŸ‡²
JAM,Jamaica,2006,11739,LATIN AMER. & CARIB,0.425615382049538,ðŸ‡¯ðŸ‡²
JAM,Jamaica,1999,4196,LATIN AMER. & CARIB,0.15213239143707824,ðŸ‡¯ðŸ‡²
JAM,Jamaica,1995,1561,LATIN AMER. & CARIB,0.05659644018905604,ðŸ‡¯ðŸ‡²
JAM,Jamaica,1993,715,LATIN AMER. & CARIB,0.025923417511322915,ðŸ‡¯ðŸ‡²
JAM,Jamaica,1997,2661,LATIN AMER. & CARIB,0.09647862097570668,ðŸ‡¯ðŸ‡²
JAM,Jamaica,1982,1,LATIN AMER. & CARIB,3.625652798786421e-05,ðŸ‡¯ðŸ‡²
JAM,Jamaica,2008,13445,LATIN AMER. & CARIB,0.4874690187968344,ðŸ‡¯ðŸ‡²
JAM,Jamaica,1983,2,LATIN AMER. & CARIB,7.251305597572842e-05,ðŸ‡¯ðŸ‡²
JAM,Jamaica,1984,2,LATIN AMER. & CARIB,7.251305597572842e-05,ðŸ‡¯ðŸ‡²
JAM,Jamaica,2005,10553,LATIN AMER. & CARIB,0.38261513985593104,ðŸ‡¯ðŸ‡²
JAM,Jamaica,1989,137,LATIN AMER. & CARIB,0.004967144334337398,ðŸ‡¯ðŸ‡²
JPN,Japan,1995,1026,ASIA (EX. NEAR EAST),0.0008049356141338253,ðŸ‡¯ðŸ‡µ
KAZ,Kazakhstan,2007,433,C.W. OF IND. STATES,0.0028424674350387875,ðŸ‡°ðŸ‡¿
KHM,Cambodia,1995,86,ASIA (EX. NEAR EAST),0.0006195328477396452,ðŸ‡°ðŸ‡­
KIR,Kiribati,2004,28,OCEANIA,0.0265574019273086,ðŸ‡°ðŸ‡®
LAO,Laos,1995,13,ASIA (EX. NEAR EAST),0.00020413030988080202,ðŸ‡±ðŸ‡¦
LCA,Saint Lucia,1999,111,LATIN AMER. & CARIB,0.06589179498747462,ðŸ‡±ðŸ‡¨
LCA,Saint Lucia,1995,76,LATIN AMER. & CARIB,0.04511510287430695,ðŸ‡±ðŸ‡¨
LCA,Saint Lucia,1988,11,LATIN AMER. & CARIB,0.006529817521281269,ðŸ‡±ðŸ‡¨
LCA,Saint Lucia,1987,6,LATIN AMER. & CARIB,0.0035617186479716015,ðŸ‡±ðŸ‡¨
LCA,Saint Lucia,1986,3,LATIN AMER. & CARIB,0.0017808593239858007,ðŸ‡±ðŸ‡¨
LCA,Saint Lucia,1989,17,LATIN AMER. & CARIB,0.01009153616925287,ðŸ‡±ðŸ‡¨
LKA,Sri Lanka,2005,190,ASIA (EX. NEAR EAST),0.0009395596135739661,ðŸ‡±ðŸ‡°
LKA,Sri Lanka,2003,614,ASIA (EX. NEAR EAST),0.003036261067023238,ðŸ‡±ðŸ‡°
LKA,Sri Lanka,2002,539,ASIA (EX. NEAR EAST),0.002665382272191409,ðŸ‡±ðŸ‡°
LKA,Sri Lanka,2012,414,ASIA (EX. NEAR EAST),0.0020472509474716944,ðŸ‡±ðŸ‡°
LKA,Sri Lanka,2011,374,ASIA (EX. NEAR EAST),0.001849448923561386,ðŸ‡±ðŸ‡°
LKA,Sri Lanka,2010,340,ASIA (EX. NEAR EAST),0.0016813172032376237,ðŸ‡±ðŸ‡°
LKA,Sri Lanka,2009,309,ASIA (EX. NEAR EAST),0.0015280206347071342,ðŸ‡±ðŸ‡°
LTU,Lithuania,2001,46,BALTICS,0.001282799939541081,ðŸ‡±ðŸ‡¹
LTU,Lithuania,2001,43,BALTICS,0.0011991390739188367,ðŸ‡±ðŸ‡¹
LTU,Lithuania,2001,3,BALTICS,8.366086562224442e-05,ðŸ‡±ðŸ‡¹
LVA,Latvia,2000,72,BALTICS,0.0031652038589110383,ðŸ‡±ðŸ‡»
LVA,Latvia,2001,114,BALTICS,0.005011572776609143,ðŸ‡±ðŸ‡»
LVA,Latvia,1997,20,BALTICS,0.0008792232941419549,ðŸ‡±ðŸ‡»
LVA,Latvia,1993,7,BALTICS,0.00030772815294968423,ðŸ‡±ðŸ‡»
LVA,Latvia,1991,3,BALTICS,0.00013188349412129324,ðŸ‡±ðŸ‡»
LVA,Latvia,1990,2,BALTICS,8.79223294141955e-05,ðŸ‡±ðŸ‡»
LVA,Latvia,1994,9,BALTICS,0.0003956504823638798,ðŸ‡±ðŸ‡»
LVA,Latvia,1995,12,BALTICS,0.000527533976485173,ðŸ‡±ðŸ‡»
LVA,Latvia,1998,31,BALTICS,0.0013627961059200302,ðŸ‡±ðŸ‡»
LVA,Latvia,2002,169,BALTICS,0.00742943683549952,ðŸ‡±ðŸ‡»
LVA,Latvia,2003,171,BALTICS,0.007517359164913715,ðŸ‡±ðŸ‡»
LVA,Latvia,1996,17,BALTICS,0.0007473398000206618,ðŸ‡±ðŸ‡»
LVA,Latvia,1992,4,BALTICS,0.000175844658828391,ðŸ‡±ðŸ‡»
LVA,Latvia,1999,48,BALTICS,0.002110135905940692,ðŸ‡±ðŸ‡»
MDA,Moldova,2004,103,C.W. OF IND. STATES,0.002305949843128247,ðŸ‡²ðŸ‡©
MDA,Moldova,2006,318,C.W. OF IND. STATES,0.007119340292376529,ðŸ‡²ðŸ‡©
MEX,Mexico,1999,42283,LATIN AMER. & CARIB,0.03935150015786482,ðŸ‡²ðŸ‡½
MEX,Mexico,1988,2158,LATIN AMER. & CARIB,0.0020083848672202134,ðŸ‡²ðŸ‡½
MEX,Mexico,1987,534,LATIN AMER. & CARIB,0.0004969775343353077,ðŸ‡²ðŸ‡½
MEX,Mexico,1987,487,LATIN AMER. & CARIB,0.000453236065957481,ðŸ‡²ðŸ‡½
MHL,Marshall Islands,2004,2,OCEANIA,0.0033100526298368146,ðŸ‡²ðŸ‡­
MHL,Marshall Islands,1995,2,OCEANIA,0.0033100526298368146,ðŸ‡²ðŸ‡­
MSR,Montserrat,1999,7,LATIN AMER. & CARIB,0.07416039834728255,ðŸ‡²ðŸ‡¸
MSR,Montserrat,1995,7,LATIN AMER. & CARIB,0.07416039834728255,ðŸ‡²ðŸ‡¸
MSR,Montserrat,1988,0,LATIN AMER. & CARIB,0.0,ðŸ‡²ðŸ‡¸
MSR,Montserrat,1987,0,LATIN AMER. & CARIB,0.0,ðŸ‡²ðŸ‡¸
MSR,Montserrat,1989,1,LATIN AMER. & CARIB,0.010594342621040365,ðŸ‡²ðŸ‡¸
MYS,Malaysia,1997,667,ASIA (EX. NEAR EAST),0.0027351918476684316,ðŸ‡²ðŸ‡¾
MYS,Malaysia,1995,259,ASIA (EX. NEAR EAST),0.001062090987325523,ðŸ‡²ðŸ‡¾
NCL,New Caledonia,2004,101,OCEANIA,0.046066974996123077,ðŸ‡³ðŸ‡¨
NCL,New Caledonia,1995,43,OCEANIA,0.019612672523101903,ðŸ‡³ðŸ‡¨
NIC,Nicaragua,1999,214,LATIN AMER. & CARIB,0.0038419217939117747,ðŸ‡³ðŸ‡®
NIC,Nicaragua,1995,126,LATIN AMER. & CARIB,0.0022620661029574,ðŸ‡³ðŸ‡®
NIC,Nicaragua,1988,2,LATIN AMER. & CARIB,3.590581115805397e-05,ðŸ‡³ðŸ‡®
NIC,Nicaragua,1987,19,LATIN AMER. & CARIB,0.0003411052060015127,ðŸ‡³ðŸ‡®
NRU,Nauru,2004,1,OCEANIA,0.007526153383005946,ðŸ‡³ðŸ‡·
NZL,New Zealand,2004,845,OCEANIA,0.02073039689510174,ðŸ‡³ðŸ‡¿
NZL,New Zealand,1995,511,OCEANIA,0.012536370193369216,ðŸ‡³ðŸ‡¿
NZL,New Zealand,1987,45,OCEANIA,0.0011039856334669564,ðŸ‡³ðŸ‡¿
PAK,Pakistan,1989,12,ASIA (EX. NEAR EAST),7.23748030500672e-06,ðŸ‡µðŸ‡°
PAN,Panama,1999,3087,LATIN AMER. & CARIB,0.09673116350950814,ðŸ‡µðŸ‡¦
PAN,Panama,1995,1006,LATIN AMER. & CARIB,0.03152301603192911,ðŸ‡µðŸ‡¦
PAN,Panama,1988,84,LATIN AMER. & CARIB,0.0026321405036600857,ðŸ‡µðŸ‡¦
PAN,Panama,1987,22,LATIN AMER. & CARIB,0.0006893701319109748,ðŸ‡µðŸ‡¦
PAN,Panama,1987,14,LATIN AMER. & CARIB,0.00043869008394334754,ðŸ‡µðŸ‡¦
PER,Peru,1999,8119,LATIN AMER. & CARIB,0.02868640739510779,ðŸ‡µðŸ‡ª
PER,Peru,1995,2709,LATIN AMER. & CARIB,0.009571557782158764,ðŸ‡µðŸ‡ª
PER,Peru,1988,137,LATIN AMER. & CARIB,0.0004840544171855854,ðŸ‡µðŸ‡ª
PER,Peru,1987,44,LATIN AMER. & CARIB,0.00015546273252675736,ðŸ‡µðŸ‡ª
PER,Peru,1986,9,LATIN AMER. & CARIB,3.1799195289564005e-05,ðŸ‡µðŸ‡ª
PHL,Philippines,1995,220,ASIA (EX. NEAR EAST),0.0002458961140109404,ðŸ‡µðŸ‡­
PLW,Palau,2004,4,OCEANIA,0.019437290441712426,ðŸ‡µðŸ‡¼
PLW,Palau,1995,1,OCEANIA,0.004859322610428107,ðŸ‡µðŸ‡¼
PNG,Papua New Guinea,2004,1926,OCEANIA,0.03396499524560607,ðŸ‡µðŸ‡¬
PNG,Papua New Guinea,1995,141,OCEANIA,0.002486533919849665,ðŸ‡µðŸ‡¬
PNG,Papua New Guinea,1992,47,OCEANIA,0.0008288446399498885,ðŸ‡µðŸ‡¬
PNG,Papua New Guinea,1995,141,OCEANIA,0.002486533919849665,ðŸ‡µðŸ‡¬
PRY,Paraguay,2000,469,LATIN AMER. & CARIB,0.007208216321491981,ðŸ‡µðŸ‡¾
PRY,Paraguay,1995,190,LATIN AMER. & CARIB,0.0029201729234189264,ðŸ‡µðŸ‡¾
PRY,Paraguay,1988,9,LATIN AMER. & CARIB,0.00013832398058300174,ðŸ‡µðŸ‡¾
PRY,Paraguay,1987,14,LATIN AMER. & CARIB,0.0002151706364624472,ðŸ‡µðŸ‡¾
PRY,Paraguay,1987,10,LATIN AMER. & CARIB,0.00015369331175889086,ðŸ‡µðŸ‡¾
PYF,French Polynesia,2004,94,OCEANIA,0.03423435235160865,ðŸ‡µðŸ‡«
PYF,French Polynesia,1995,45,OCEANIA,0.016388785700238183,ðŸ‡µðŸ‡«
SGP,Singapore,1995,145,ASIA (EX. NEAR EAST),0.0032278530325122717,ðŸ‡¸ðŸ‡¬
SLB,Solomon Islands,2004,2,OCEANIA,0.00036203157639409306,ðŸ‡¸ðŸ‡§
SLE,Sierra Leone,2002,1028,SUB-SAHARAN AFRICA,0.01711835477290704,ðŸ‡¸ðŸ‡±
SLV,El Salvador,1999,2285,LATIN AMER. & CARIB,0.03349272057338365,ðŸ‡¸ðŸ‡»
SLV,El Salvador,1995,1372,LATIN AMER. & CARIB,0.020110289989795346,ðŸ‡¸ðŸ‡»
SLV,El Salvador,1988,71,LATIN AMER. & CARIB,0.001040692849326144,ðŸ‡¸ðŸ‡»
SLV,El Salvador,1987,12,LATIN AMER. & CARIB,0.0001758917491818835,ðŸ‡¸ðŸ‡»
SLV,El Salvador,1987,9,LATIN AMER. & CARIB,0.0001319188118864126,ðŸ‡¸ðŸ‡»
SUR,Suriname,1995,211,LATIN AMER. & CARIB,0.048050975024879476,ðŸ‡¸ðŸ‡·
SUR,Suriname,1995,209,LATIN AMER. & CARIB,0.04759551554597066,ðŸ‡¸ðŸ‡·
SUR,Suriname,1988,11,LATIN AMER. & CARIB,0.002505027133998456,ðŸ‡¸ðŸ‡·
SUR,Suriname,1987,6,LATIN AMER. & CARIB,0.0013663784367264305,ðŸ‡¸ðŸ‡·
SUR,Suriname,1987,3,LATIN AMER. & CARIB,0.0006831892183632153,ðŸ‡¸ðŸ‡·
SUR,Suriname,1989,46,LATIN AMER. & CARIB,0.010475568014902634,ðŸ‡¸ðŸ‡·
THA,Thailand,2004,238375,ASIA (EX. NEAR EAST),0.36882116246705654,ðŸ‡¹ðŸ‡­
TON,Tonga,2004,9,OCEANIA,0.0078473088090401,ðŸ‡¹ðŸ‡´
TON,Tonga,1995,5,OCEANIA,0.004359616005022278,ðŸ‡¹ðŸ‡´
TUV,Tuvalu,2004,2,OCEANIA,0.01693480101608806,ðŸ‡¹ðŸ‡»
URY,Uruguay,2000,1387,LATIN AMER. & CARIB,0.04041455366831277,ðŸ‡ºðŸ‡¾
URY,Uruguay,1995,684,LATIN AMER. & CARIB,0.019930464822729588,ðŸ‡ºðŸ‡¾
URY,Uruguay,1988,45,LATIN AMER. & CARIB,0.0013112147909690518,ðŸ‡ºðŸ‡¾
URY,Uruguay,1987,13,LATIN AMER. & CARIB,0.00037879538405772607,ðŸ‡ºðŸ‡¾
URY,Uruguay,1986,8,LATIN AMER. & CARIB,0.00023310485172783142,ðŸ‡ºðŸ‡¾
VCT,Saint Vincent and the Grenadines,2000,180,LATIN AMER. & CARIB,0.15273912158034078,ðŸ‡»ðŸ‡¨
VCT,Saint Vincent and the Grenadines,1995,68,LATIN AMER. & CARIB,0.05770144593035097,ðŸ‡»ðŸ‡¨
VCT,Saint Vincent and the Grenadines,1988,14,LATIN AMER. & CARIB,0.011879709456248727,ðŸ‡»ðŸ‡¨
VCT,Saint Vincent and the Grenadines,1987,3,LATIN AMER. & CARIB,0.0025456520263390132,ðŸ‡»ðŸ‡¨
VCT,Saint Vincent and the Grenadines,1986,3,LATIN AMER. & CARIB,0.0025456520263390132,ðŸ‡»ðŸ‡¨
VCT,Saint Vincent and the Grenadines,1989,22,LATIN AMER. & CARIB,0.018668114859819427,ðŸ‡»ðŸ‡¨
VEN,Venezuela,1998,7548,LATIN AMER. & CARIB,0.02933491019487234,ðŸ‡»ðŸ‡ª
VEN,Venezuela,1995,4960,LATIN AMER. & CARIB,0.01927678253399136,ðŸ‡»ðŸ‡ª
VEN,Venezuela,1988,266,LATIN AMER. & CARIB,0.0010337951923471173,ðŸ‡»ðŸ‡ª
VEN,Venezuela,1987,101,LATIN AMER. & CARIB,0.00039253125724458214,ðŸ‡»ðŸ‡ª
VEN,Venezuela,1987,69,LATIN AMER. & CARIB,0.0002681649183156056,ðŸ‡»ðŸ‡ª
VGB,Virgin Islands,1998,20,LATIN AMER. & CARIB,0.01841535840891303,ðŸ‡»ðŸ‡¬
VGB,Virgin Islands,1989,1,LATIN AMER. & CARIB,0.0009207679204456517,ðŸ‡»ðŸ‡¬
VNM,Vietnam,1994,75,ASIA (EX. NEAR EAST),8.885943652738459e-05,ðŸ‡»ðŸ‡³
VNM,Vietnam,1995,131,ASIA (EX. NEAR EAST),0.00015520781580116507,ðŸ‡»ðŸ‡³
VNM,Vietnam,1995,292,ASIA (EX. NEAR EAST),0.00034595940621328405,ðŸ‡»ðŸ‡³
VNM,Vietnam,2012,59839,ASIA (EX. NEAR EAST),0.07089679763149556,ðŸ‡»ðŸ‡³
VNM,Vietnam,2010,37184,ASIA (EX. NEAR EAST),0.04405532383779025,ðŸ‡»ðŸ‡³
VNM,Vietnam,1996,701,ASIA (EX. NEAR EAST),0.0008305395334092881,ðŸ‡»ðŸ‡³
VNM,Vietnam,2005,16917,ASIA (EX. NEAR EAST),0.020043134503116868,ðŸ‡»ðŸ‡³
VUT,Vanuatu,2004,2,OCEANIA,0.0009575379783500663,ðŸ‡»ðŸ‡º
WLF,Wallis and Futuna,2004,1,OCEANIA,0.006240249609984399,ðŸ‡¼ðŸ‡«
WLF,Wallis and Futuna,1995,1,OCEANIA,0.006240249609984399,ðŸ‡¼ðŸ‡«
WSM,Samoa,2004,8,OCEANIA,0.004522124494087322,ðŸ‡¼ðŸ‡¸
WSM,Samoa,1995,2,OCEANIA,0.0011305311235218305,ðŸ‡¼ðŸ‡¸
ZAF,South Africa,1987,77,SUB-SAHARAN AFRICA,0.00017425688547228717,ðŸ‡¿ðŸ‡¦
ZAF,South Africa,1988,175,SUB-SAHARAN AFRICA,0.00039603837607338,ðŸ‡¿ðŸ‡¦
ZMB,Zambia,1987,395,SUB-SAHARAN AFRICA,0.003434182373341703,ðŸ‡¿ðŸ‡²
